{
    "job_specifications": [
        {
            "id": "mxnetjob",
            "auto_complete": true,
            "tasks": [
                {
                    "image": "alfpark/mxnet:cpu",
                    "remove_container_after_exit": true,
                    "shared_data_volumes": [
                        "glustervol"
                    ],
                    "command": "/mxnet/run_mxnet.sh cifar-10-r $AZ_BATCH_NODE_SHARED_DIR/gfs --model-prefix $AZ_BATCH_TASK_WORKING_DIR/cifar-10-model",
                    "multi_instance": {
                        "num_instances": "pool_current_dedicated",
                        "coordination_command": null
                    }
                }
            ]
        }
    ]
}
