{
    "job_specifications": [
        {
            "id": "cntkjob",
            "auto_complete": true,
            "tasks": [
                {
                    "image": "alfpark/cntk:2.0beta4-gpu-openmpi-refdata",
                    "remove_container_after_exit": true,
                    "shared_data_volumes": [
                        "glustervol"
                    ],
                    "command": "/cntk/run_convnet_mnist_gpu.sh $AZ_BATCH_NODE_SHARED_DIR/gfs/$AZ_BATCH_JOB_ID-$AZ_BATCH_TASK_ID",
                    "multi_instance": {
                        "num_instances": "pool_current_dedicated"
                    },
                    "gpu": true
                }
            ]
        }
    ]
}
