PolicyID,DateTime,StoreID,ProductID,Inventory
Sim,2017-01-04,1.0,1.0,195.0
Sim,2017-01-04,1.0,2.0,45.0
Sim,2017-01-04,1.0,3.0,0.0
Sim,2017-01-04,1.0,4.0,0.0
Sim,2017-01-04,1.0,5.0,0.0
Sim,2017-01-04,1.0,6.0,0.0
Sim,2017-01-04,1.0,7.0,0.0
Sim,2017-01-04,1.0,8.0,0.0
Sim,2017-01-04,1.0,9.0,80.0
Sim,2017-01-04,1.0,10.0,0.0
Sim,2017-01-04,1.0,11.0,0.0
Sim,2017-01-04,1.0,12.0,0.0
Sim,2017-01-04,1.0,13.0,0.0
Sim,2017-01-04,1.0,14.0,0.0
Sim,2017-01-04,1.0,15.0,0.0
Sim,2017-01-04,1.0,16.0,1020.0
Sim,2017-01-04,1.0,17.0,0.0
Sim,2017-01-04,1.0,18.0,0.0
Sim,2017-01-04,1.0,19.0,1672.0
Sim,2017-01-04,1.0,20.0,450.0
s_Q,2017-01-04,1.0,1.0,0.0
s_Q,2017-01-04,1.0,2.0,0.0
s_Q,2017-01-04,1.0,3.0,0.0
s_Q,2017-01-04,1.0,4.0,0.0
s_Q,2017-01-04,1.0,5.0,0.0
s_Q,2017-01-04,1.0,6.0,0.0
s_Q,2017-01-04,1.0,7.0,0.0
s_Q,2017-01-04,1.0,8.0,0.0
s_Q,2017-01-04,1.0,9.0,0.0
s_Q,2017-01-04,1.0,10.0,0.0
s_Q,2017-01-04,1.0,11.0,2501.0
s_Q,2017-01-04,1.0,12.0,17072.0
s_Q,2017-01-04,1.0,13.0,2352.0
s_Q,2017-01-04,1.0,14.0,8704.0
s_Q,2017-01-04,1.0,15.0,4490.0
s_Q,2017-01-04,1.0,16.0,51712.0
s_Q,2017-01-04,1.0,17.0,928.0
s_Q,2017-01-04,1.0,18.0,2704.0
s_Q,2017-01-04,1.0,19.0,13277.0
s_Q,2017-01-04,1.0,20.0,17328.0
s_Q_perishable,2017-01-04,1.0,1.0,4656.0
s_Q_perishable,2017-01-04,1.0,2.0,2448.0
s_Q_perishable,2017-01-04,1.0,3.0,1920.0
s_Q_perishable,2017-01-04,1.0,4.0,62062.0
s_Q_perishable,2017-01-04,1.0,5.0,2448.0
s_Q_perishable,2017-01-04,1.0,6.0,2354.0
s_Q_perishable,2017-01-04,1.0,7.0,0.0
s_Q_perishable,2017-01-04,1.0,8.0,38240.0
s_Q_perishable,2017-01-04,1.0,9.0,4480.0
s_Q_perishable,2017-01-04,1.0,10.0,26416.0
s_Q_perishable,2017-01-04,1.0,11.0,0.0
s_Q_perishable,2017-01-04,1.0,12.0,0.0
s_Q_perishable,2017-01-04,1.0,13.0,0.0
s_Q_perishable,2017-01-04,1.0,14.0,0.0
s_Q_perishable,2017-01-04,1.0,15.0,0.0
s_Q_perishable,2017-01-04,1.0,16.0,0.0
s_Q_perishable,2017-01-04,1.0,17.0,0.0
s_Q_perishable,2017-01-04,1.0,18.0,0.0
s_Q_perishable,2017-01-04,1.0,19.0,0.0
s_Q_perishable,2017-01-04,1.0,20.0,0.0
Sim,2017-01-04,2.0,1.0,0.0
Sim,2017-01-04,2.0,2.0,315.0
Sim,2017-01-04,2.0,3.0,1638.0
Sim,2017-01-04,2.0,4.0,0.0
Sim,2017-01-04,2.0,5.0,44.0
Sim,2017-01-04,2.0,6.0,0.0
Sim,2017-01-04,2.0,7.0,0.0
Sim,2017-01-04,2.0,8.0,78.0
Sim,2017-01-04,2.0,9.0,0.0
Sim,2017-01-04,2.0,10.0,14.0
Sim,2017-01-04,2.0,11.0,0.0
Sim,2017-01-04,2.0,12.0,0.0
Sim,2017-01-04,2.0,13.0,0.0
Sim,2017-01-04,2.0,14.0,6536.0
Sim,2017-01-04,2.0,15.0,0.0
Sim,2017-01-04,2.0,16.0,376.0
Sim,2017-01-04,2.0,17.0,574.0
Sim,2017-01-04,2.0,18.0,32.0
Sim,2017-01-04,2.0,19.0,0.0
Sim,2017-01-04,2.0,20.0,238.0
s_Q,2017-01-04,2.0,1.0,0.0
s_Q,2017-01-04,2.0,2.0,0.0
s_Q,2017-01-04,2.0,3.0,0.0
s_Q,2017-01-04,2.0,4.0,0.0
s_Q,2017-01-04,2.0,5.0,0.0
s_Q,2017-01-04,2.0,6.0,0.0
s_Q,2017-01-04,2.0,7.0,0.0
s_Q,2017-01-04,2.0,8.0,0.0
s_Q,2017-01-04,2.0,9.0,0.0
s_Q,2017-01-04,2.0,10.0,0.0
s_Q,2017-01-04,2.0,11.0,6154.0
s_Q,2017-01-04,2.0,12.0,107472.0
s_Q,2017-01-04,2.0,13.0,3824.0
s_Q,2017-01-04,2.0,14.0,320832.0
s_Q,2017-01-04,2.0,15.0,8416.0
s_Q,2017-01-04,2.0,16.0,24832.0
s_Q,2017-01-04,2.0,17.0,19280.0
s_Q,2017-01-04,2.0,18.0,991.0
s_Q,2017-01-04,2.0,19.0,1104.0
s_Q,2017-01-04,2.0,20.0,7904.0
s_Q_perishable,2017-01-04,2.0,1.0,5552.0
s_Q_perishable,2017-01-04,2.0,2.0,24016.0
s_Q_perishable,2017-01-04,2.0,3.0,25139.0
s_Q_perishable,2017-01-04,2.0,4.0,107169.0
s_Q_perishable,2017-01-04,2.0,5.0,2060.0
s_Q_perishable,2017-01-04,2.0,6.0,1888.0
s_Q_perishable,2017-01-04,2.0,7.0,748.0
s_Q_perishable,2017-01-04,2.0,8.0,5280.0
s_Q_perishable,2017-01-04,2.0,9.0,2720.0
s_Q_perishable,2017-01-04,2.0,10.0,3022.0
s_Q_perishable,2017-01-04,2.0,11.0,0.0
s_Q_perishable,2017-01-04,2.0,12.0,0.0
s_Q_perishable,2017-01-04,2.0,13.0,0.0
s_Q_perishable,2017-01-04,2.0,14.0,0.0
s_Q_perishable,2017-01-04,2.0,15.0,0.0
s_Q_perishable,2017-01-04,2.0,16.0,0.0
s_Q_perishable,2017-01-04,2.0,17.0,0.0
s_Q_perishable,2017-01-04,2.0,18.0,0.0
s_Q_perishable,2017-01-04,2.0,19.0,0.0
s_Q_perishable,2017-01-04,2.0,20.0,0.0
Sim,2017-01-04,3.0,1.0,0.0
Sim,2017-01-04,3.0,2.0,22.0
Sim,2017-01-04,3.0,3.0,0.0
Sim,2017-01-04,3.0,4.0,0.0
Sim,2017-01-04,3.0,5.0,30.0
Sim,2017-01-04,3.0,6.0,0.0
Sim,2017-01-04,3.0,7.0,0.0
Sim,2017-01-04,3.0,8.0,0.0
Sim,2017-01-04,3.0,9.0,123.0
Sim,2017-01-04,3.0,10.0,60.0
Sim,2017-01-04,3.0,11.0,0.0
Sim,2017-01-04,3.0,12.0,26.0
Sim,2017-01-04,3.0,13.0,0.0
Sim,2017-01-04,3.0,14.0,0.0
Sim,2017-01-04,3.0,15.0,112.0
Sim,2017-01-04,3.0,16.0,0.0
Sim,2017-01-04,3.0,17.0,0.0
Sim,2017-01-04,3.0,18.0,0.0
Sim,2017-01-04,3.0,19.0,2820.0
Sim,2017-01-04,3.0,20.0,782.0
s_Q,2017-01-04,3.0,1.0,0.0
s_Q,2017-01-04,3.0,2.0,0.0
s_Q,2017-01-04,3.0,3.0,0.0
s_Q,2017-01-04,3.0,4.0,0.0
s_Q,2017-01-04,3.0,5.0,0.0
s_Q,2017-01-04,3.0,6.0,0.0
s_Q,2017-01-04,3.0,7.0,0.0
s_Q,2017-01-04,3.0,8.0,0.0
s_Q,2017-01-04,3.0,9.0,0.0
s_Q,2017-01-04,3.0,10.0,0.0
s_Q,2017-01-04,3.0,11.0,36160.0
s_Q,2017-01-04,3.0,12.0,2640.0
s_Q,2017-01-04,3.0,13.0,1234.0
s_Q,2017-01-04,3.0,14.0,853.0
s_Q,2017-01-04,3.0,15.0,2896.0
s_Q,2017-01-04,3.0,16.0,11520.0
s_Q,2017-01-04,3.0,17.0,1405.0
s_Q,2017-01-04,3.0,18.0,11184.0
s_Q,2017-01-04,3.0,19.0,94224.0
s_Q,2017-01-04,3.0,20.0,41728.0
s_Q_perishable,2017-01-04,3.0,1.0,13024.0
s_Q_perishable,2017-01-04,3.0,2.0,1392.0
s_Q_perishable,2017-01-04,3.0,3.0,60880.0
s_Q_perishable,2017-01-04,3.0,4.0,3136.0
s_Q_perishable,2017-01-04,3.0,5.0,1504.0
s_Q_perishable,2017-01-04,3.0,6.0,2096.0
s_Q_perishable,2017-01-04,3.0,7.0,10512.0
s_Q_perishable,2017-01-04,3.0,8.0,44880.0
s_Q_perishable,2017-01-04,3.0,9.0,5088.0
s_Q_perishable,2017-01-04,3.0,10.0,2992.0
s_Q_perishable,2017-01-04,3.0,11.0,0.0
s_Q_perishable,2017-01-04,3.0,12.0,0.0
s_Q_perishable,2017-01-04,3.0,13.0,0.0
s_Q_perishable,2017-01-04,3.0,14.0,0.0
s_Q_perishable,2017-01-04,3.0,15.0,0.0
s_Q_perishable,2017-01-04,3.0,16.0,0.0
s_Q_perishable,2017-01-04,3.0,17.0,0.0
s_Q_perishable,2017-01-04,3.0,18.0,0.0
s_Q_perishable,2017-01-04,3.0,19.0,0.0
s_Q_perishable,2017-01-04,3.0,20.0,0.0
Sim,2017-01-04,4.0,1.0,56.0
Sim,2017-01-04,4.0,2.0,0.0
Sim,2017-01-04,4.0,3.0,0.0
Sim,2017-01-04,4.0,4.0,0.0
Sim,2017-01-04,4.0,5.0,0.0
Sim,2017-01-04,4.0,6.0,1664.0
Sim,2017-01-04,4.0,7.0,0.0
Sim,2017-01-04,4.0,8.0,0.0
Sim,2017-01-04,4.0,9.0,0.0
Sim,2017-01-04,4.0,10.0,0.0
Sim,2017-01-04,4.0,11.0,192.0
Sim,2017-01-04,4.0,12.0,60.0
Sim,2017-01-04,4.0,13.0,144.0
Sim,2017-01-04,4.0,14.0,840.0
Sim,2017-01-04,4.0,15.0,63.0
Sim,2017-01-04,4.0,16.0,1872.0
Sim,2017-01-04,4.0,17.0,0.0
Sim,2017-01-04,4.0,18.0,12.0
Sim,2017-01-04,4.0,19.0,76.0
Sim,2017-01-04,4.0,20.0,121.0
s_Q,2017-01-04,4.0,1.0,0.0
s_Q,2017-01-04,4.0,2.0,0.0
s_Q,2017-01-04,4.0,3.0,0.0
s_Q,2017-01-04,4.0,4.0,0.0
s_Q,2017-01-04,4.0,5.0,0.0
s_Q,2017-01-04,4.0,6.0,0.0
s_Q,2017-01-04,4.0,7.0,0.0
s_Q,2017-01-04,4.0,8.0,0.0
s_Q,2017-01-04,4.0,9.0,0.0
s_Q,2017-01-04,4.0,10.0,0.0
s_Q,2017-01-04,4.0,11.0,8096.0
s_Q,2017-01-04,4.0,12.0,2544.0
s_Q,2017-01-04,4.0,13.0,2528.0
s_Q,2017-01-04,4.0,14.0,33456.0
s_Q,2017-01-04,4.0,15.0,959.0
s_Q,2017-01-04,4.0,16.0,32256.0
s_Q,2017-01-04,4.0,17.0,2576.0
s_Q,2017-01-04,4.0,18.0,1264.0
s_Q,2017-01-04,4.0,19.0,4320.0
s_Q,2017-01-04,4.0,20.0,5440.0
s_Q_perishable,2017-01-04,4.0,1.0,6368.0
s_Q_perishable,2017-01-04,4.0,2.0,1584.0
s_Q_perishable,2017-01-04,4.0,3.0,1067.0
s_Q_perishable,2017-01-04,4.0,4.0,1316.0
s_Q_perishable,2017-01-04,4.0,5.0,74656.0
s_Q_perishable,2017-01-04,4.0,6.0,0.0
s_Q_perishable,2017-01-04,4.0,7.0,3328.0
s_Q_perishable,2017-01-04,4.0,8.0,1061.0
s_Q_perishable,2017-01-04,4.0,9.0,34848.0
s_Q_perishable,2017-01-04,4.0,10.0,11424.0
s_Q_perishable,2017-01-04,4.0,11.0,0.0
s_Q_perishable,2017-01-04,4.0,12.0,0.0
s_Q_perishable,2017-01-04,4.0,13.0,0.0
s_Q_perishable,2017-01-04,4.0,14.0,0.0
s_Q_perishable,2017-01-04,4.0,15.0,0.0
s_Q_perishable,2017-01-04,4.0,16.0,0.0
s_Q_perishable,2017-01-04,4.0,17.0,0.0
s_Q_perishable,2017-01-04,4.0,18.0,0.0
s_Q_perishable,2017-01-04,4.0,19.0,0.0
s_Q_perishable,2017-01-04,4.0,20.0,0.0
Sim,2017-01-04,5.0,1.0,168.0
Sim,2017-01-04,5.0,2.0,81.0
Sim,2017-01-04,5.0,3.0,0.0
Sim,2017-01-04,5.0,4.0,236.0
Sim,2017-01-04,5.0,5.0,432.0
Sim,2017-01-04,5.0,6.0,65.0
Sim,2017-01-04,5.0,7.0,28.0
Sim,2017-01-04,5.0,8.0,0.0
Sim,2017-01-04,5.0,9.0,0.0
Sim,2017-01-04,5.0,10.0,0.0
Sim,2017-01-04,5.0,11.0,0.0
Sim,2017-01-04,5.0,12.0,64.0
Sim,2017-01-04,5.0,13.0,0.0
Sim,2017-01-04,5.0,14.0,200.0
Sim,2017-01-04,5.0,15.0,34.0
Sim,2017-01-04,5.0,16.0,300.0
Sim,2017-01-04,5.0,17.0,0.0
Sim,2017-01-04,5.0,18.0,68.0
Sim,2017-01-04,5.0,19.0,0.0
Sim,2017-01-04,5.0,20.0,0.0
s_Q,2017-01-04,5.0,1.0,0.0
s_Q,2017-01-04,5.0,2.0,0.0
s_Q,2017-01-04,5.0,3.0,0.0
s_Q,2017-01-04,5.0,4.0,0.0
s_Q,2017-01-04,5.0,5.0,0.0
s_Q,2017-01-04,5.0,6.0,0.0
s_Q,2017-01-04,5.0,7.0,0.0
s_Q,2017-01-04,5.0,8.0,0.0
s_Q,2017-01-04,5.0,9.0,0.0
s_Q,2017-01-04,5.0,10.0,0.0
s_Q,2017-01-04,5.0,11.0,30515.0
s_Q,2017-01-04,5.0,12.0,3152.0
s_Q,2017-01-04,5.0,13.0,1198.0
s_Q,2017-01-04,5.0,14.0,11408.0
s_Q,2017-01-04,5.0,15.0,0.0
s_Q,2017-01-04,5.0,16.0,14272.0
s_Q,2017-01-04,5.0,17.0,5408.0
s_Q,2017-01-04,5.0,18.0,2272.0
s_Q,2017-01-04,5.0,19.0,3712.0
s_Q,2017-01-04,5.0,20.0,10544.0
s_Q_perishable,2017-01-04,5.0,1.0,3406.0
s_Q_perishable,2017-01-04,5.0,2.0,6128.0
s_Q_perishable,2017-01-04,5.0,3.0,508.0
s_Q_perishable,2017-01-04,5.0,4.0,11904.0
s_Q_perishable,2017-01-04,5.0,5.0,9840.0
s_Q_perishable,2017-01-04,5.0,6.0,4208.0
s_Q_perishable,2017-01-04,5.0,7.0,1122.0
s_Q_perishable,2017-01-04,5.0,8.0,3120.0
s_Q_perishable,2017-01-04,5.0,9.0,1299.0
s_Q_perishable,2017-01-04,5.0,10.0,1051.0
s_Q_perishable,2017-01-04,5.0,11.0,0.0
s_Q_perishable,2017-01-04,5.0,12.0,0.0
s_Q_perishable,2017-01-04,5.0,13.0,0.0
s_Q_perishable,2017-01-04,5.0,14.0,0.0
s_Q_perishable,2017-01-04,5.0,15.0,0.0
s_Q_perishable,2017-01-04,5.0,16.0,0.0
s_Q_perishable,2017-01-04,5.0,17.0,0.0
s_Q_perishable,2017-01-04,5.0,18.0,0.0
s_Q_perishable,2017-01-04,5.0,19.0,0.0
s_Q_perishable,2017-01-04,5.0,20.0,0.0
Sim,2017-01-04,6.0,1.0,172.0
Sim,2017-01-04,6.0,2.0,10.0
Sim,2017-01-04,6.0,3.0,0.0
Sim,2017-01-04,6.0,4.0,0.0
Sim,2017-01-04,6.0,5.0,108.0
Sim,2017-01-04,6.0,6.0,1140.0
Sim,2017-01-04,6.0,7.0,0.0
Sim,2017-01-04,6.0,8.0,3130.0
Sim,2017-01-04,6.0,9.0,128.0
Sim,2017-01-04,6.0,10.0,72.0
Sim,2017-01-04,6.0,11.0,135.0
Sim,2017-01-04,6.0,12.0,472.0
Sim,2017-01-04,6.0,13.0,0.0
Sim,2017-01-04,6.0,14.0,0.0
Sim,2017-01-04,6.0,15.0,0.0
Sim,2017-01-04,6.0,16.0,18.0
Sim,2017-01-04,6.0,17.0,160.0
Sim,2017-01-04,6.0,18.0,0.0
Sim,2017-01-04,6.0,19.0,0.0
Sim,2017-01-04,6.0,20.0,315.0
s_Q,2017-01-04,6.0,1.0,0.0
s_Q,2017-01-04,6.0,2.0,0.0
s_Q,2017-01-04,6.0,3.0,0.0
s_Q,2017-01-04,6.0,4.0,0.0
s_Q,2017-01-04,6.0,5.0,0.0
s_Q,2017-01-04,6.0,6.0,0.0
s_Q,2017-01-04,6.0,7.0,0.0
s_Q,2017-01-04,6.0,8.0,0.0
s_Q,2017-01-04,6.0,9.0,0.0
s_Q,2017-01-04,6.0,10.0,0.0
s_Q,2017-01-04,6.0,11.0,5180.0
s_Q,2017-01-04,6.0,12.0,25456.0
s_Q,2017-01-04,6.0,13.0,0.0
s_Q,2017-01-04,6.0,14.0,2128.0
s_Q,2017-01-04,6.0,15.0,941.0
s_Q,2017-01-04,6.0,16.0,686.0
s_Q,2017-01-04,6.0,17.0,7056.0
s_Q,2017-01-04,6.0,18.0,1200.0
s_Q,2017-01-04,6.0,19.0,8627.0
s_Q,2017-01-04,6.0,20.0,4804.0
s_Q_perishable,2017-01-04,6.0,1.0,9435.0
s_Q_perishable,2017-01-04,6.0,2.0,881.0
s_Q_perishable,2017-01-04,6.0,3.0,1824.0
s_Q_perishable,2017-01-04,6.0,4.0,547504.0
s_Q_perishable,2017-01-04,6.0,5.0,3392.0
s_Q_perishable,2017-01-04,6.0,6.0,80898.0
s_Q_perishable,2017-01-04,6.0,7.0,18457.0
s_Q_perishable,2017-01-04,6.0,8.0,49651.0
s_Q_perishable,2017-01-04,6.0,9.0,5312.0
s_Q_perishable,2017-01-04,6.0,10.0,5376.0
s_Q_perishable,2017-01-04,6.0,11.0,0.0
s_Q_perishable,2017-01-04,6.0,12.0,0.0
s_Q_perishable,2017-01-04,6.0,13.0,0.0
s_Q_perishable,2017-01-04,6.0,14.0,0.0
s_Q_perishable,2017-01-04,6.0,15.0,0.0
s_Q_perishable,2017-01-04,6.0,16.0,0.0
s_Q_perishable,2017-01-04,6.0,17.0,0.0
s_Q_perishable,2017-01-04,6.0,18.0,0.0
s_Q_perishable,2017-01-04,6.0,19.0,0.0
s_Q_perishable,2017-01-04,6.0,20.0,0.0
Sim,2017-01-16,1.0,1.0,1421.0
Sim,2017-01-16,1.0,2.0,105.0
Sim,2017-01-16,1.0,3.0,38.0
Sim,2017-01-16,1.0,4.0,7125.0
Sim,2017-01-16,1.0,5.0,192.0
Sim,2017-01-16,1.0,6.0,190.0
Sim,2017-01-16,1.0,7.0,112.0
Sim,2017-01-16,1.0,8.0,2079.0
Sim,2017-01-16,1.0,9.0,870.0
Sim,2017-01-16,1.0,10.0,510.0
Sim,2017-01-16,1.0,11.0,291.0
Sim,2017-01-16,1.0,12.0,366.0
Sim,2017-01-16,1.0,13.0,51.0
Sim,2017-01-16,1.0,14.0,15.0
Sim,2017-01-16,1.0,15.0,445.0
Sim,2017-01-16,1.0,16.0,1085.0
Sim,2017-01-16,1.0,17.0,0.0
Sim,2017-01-16,1.0,18.0,112.0
Sim,2017-01-16,1.0,19.0,10695.0
Sim,2017-01-16,1.0,20.0,990.0
s_Q,2017-01-16,1.0,1.0,0.0
s_Q,2017-01-16,1.0,2.0,0.0
s_Q,2017-01-16,1.0,3.0,0.0
s_Q,2017-01-16,1.0,4.0,0.0
s_Q,2017-01-16,1.0,5.0,0.0
s_Q,2017-01-16,1.0,6.0,0.0
s_Q,2017-01-16,1.0,7.0,0.0
s_Q,2017-01-16,1.0,8.0,0.0
s_Q,2017-01-16,1.0,9.0,0.0
s_Q,2017-01-16,1.0,10.0,0.0
s_Q,2017-01-16,1.0,11.0,2331.0
s_Q,2017-01-16,1.0,12.0,17072.0
s_Q,2017-01-16,1.0,13.0,2352.0
s_Q,2017-01-16,1.0,14.0,8572.0
s_Q,2017-01-16,1.0,15.0,4204.0
s_Q,2017-01-16,1.0,16.0,50841.0
s_Q,2017-01-16,1.0,17.0,903.0
s_Q,2017-01-16,1.0,18.0,2704.0
s_Q,2017-01-16,1.0,19.0,12644.0
s_Q,2017-01-16,1.0,20.0,16789.0
s_Q_perishable,2017-01-16,1.0,1.0,4556.0
s_Q_perishable,2017-01-16,1.0,2.0,2448.0
s_Q_perishable,2017-01-16,1.0,3.0,1877.0
s_Q_perishable,2017-01-16,1.0,4.0,65460.0
s_Q_perishable,2017-01-16,1.0,5.0,2389.0
s_Q_perishable,2017-01-16,1.0,6.0,2198.0
s_Q_perishable,2017-01-16,1.0,7.0,197020.0
s_Q_perishable,2017-01-16,1.0,8.0,38240.0
s_Q_perishable,2017-01-16,1.0,9.0,4480.0
s_Q_perishable,2017-01-16,1.0,10.0,25266.0
s_Q_perishable,2017-01-16,1.0,11.0,0.0
s_Q_perishable,2017-01-16,1.0,12.0,0.0
s_Q_perishable,2017-01-16,1.0,13.0,0.0
s_Q_perishable,2017-01-16,1.0,14.0,0.0
s_Q_perishable,2017-01-16,1.0,15.0,0.0
s_Q_perishable,2017-01-16,1.0,16.0,0.0
s_Q_perishable,2017-01-16,1.0,17.0,0.0
s_Q_perishable,2017-01-16,1.0,18.0,0.0
s_Q_perishable,2017-01-16,1.0,19.0,0.0
s_Q_perishable,2017-01-16,1.0,20.0,0.0
Sim,2017-01-16,2.0,1.0,80.0
Sim,2017-01-16,2.0,2.0,1031.0
Sim,2017-01-16,2.0,3.0,6684.0
Sim,2017-01-16,2.0,4.0,14600.0
Sim,2017-01-16,2.0,5.0,396.0
Sim,2017-01-16,2.0,6.0,30.0
Sim,2017-01-16,2.0,7.0,68.0
Sim,2017-01-16,2.0,8.0,156.0
Sim,2017-01-16,2.0,9.0,38.0
Sim,2017-01-16,2.0,10.0,208.0
Sim,2017-01-16,2.0,11.0,692.0
Sim,2017-01-16,2.0,12.0,8910.0
Sim,2017-01-16,2.0,13.0,340.0
Sim,2017-01-16,2.0,14.0,40002.0
Sim,2017-01-16,2.0,15.0,546.0
Sim,2017-01-16,2.0,16.0,869.0
Sim,2017-01-16,2.0,17.0,3374.0
Sim,2017-01-16,2.0,18.0,184.0
Sim,2017-01-16,2.0,19.0,13.0
Sim,2017-01-16,2.0,20.0,243.0
s_Q,2017-01-16,2.0,1.0,0.0
s_Q,2017-01-16,2.0,2.0,0.0
s_Q,2017-01-16,2.0,3.0,0.0
s_Q,2017-01-16,2.0,4.0,0.0
s_Q,2017-01-16,2.0,5.0,0.0
s_Q,2017-01-16,2.0,6.0,0.0
s_Q,2017-01-16,2.0,7.0,0.0
s_Q,2017-01-16,2.0,8.0,0.0
s_Q,2017-01-16,2.0,9.0,0.0
s_Q,2017-01-16,2.0,10.0,0.0
s_Q,2017-01-16,2.0,11.0,5873.0
s_Q,2017-01-16,2.0,12.0,107472.0
s_Q,2017-01-16,2.0,13.0,3684.0
s_Q,2017-01-16,2.0,14.0,314230.0
s_Q,2017-01-16,2.0,15.0,8416.0
s_Q,2017-01-16,2.0,16.0,24357.0
s_Q,2017-01-16,2.0,17.0,18688.0
s_Q,2017-01-16,2.0,18.0,908.0
s_Q,2017-01-16,2.0,19.0,1089.0
s_Q,2017-01-16,2.0,20.0,7701.0
s_Q_perishable,2017-01-16,2.0,1.0,5385.0
s_Q_perishable,2017-01-16,2.0,2.0,24016.0
s_Q_perishable,2017-01-16,2.0,3.0,23717.0
s_Q_perishable,2017-01-16,2.0,4.0,99876.0
s_Q_perishable,2017-01-16,2.0,5.0,1994.0
s_Q_perishable,2017-01-16,2.0,6.0,1827.0
s_Q_perishable,2017-01-16,2.0,7.0,699.0
s_Q_perishable,2017-01-16,2.0,8.0,5280.0
s_Q_perishable,2017-01-16,2.0,9.0,2632.0
s_Q_perishable,2017-01-16,2.0,10.0,2849.0
s_Q_perishable,2017-01-16,2.0,11.0,0.0
s_Q_perishable,2017-01-16,2.0,12.0,0.0
s_Q_perishable,2017-01-16,2.0,13.0,0.0
s_Q_perishable,2017-01-16,2.0,14.0,0.0
s_Q_perishable,2017-01-16,2.0,15.0,0.0
s_Q_perishable,2017-01-16,2.0,16.0,0.0
s_Q_perishable,2017-01-16,2.0,17.0,0.0
s_Q_perishable,2017-01-16,2.0,18.0,0.0
s_Q_perishable,2017-01-16,2.0,19.0,0.0
s_Q_perishable,2017-01-16,2.0,20.0,0.0
Sim,2017-01-16,3.0,1.0,862.0
Sim,2017-01-16,3.0,2.0,55.0
Sim,2017-01-16,3.0,3.0,3615.0
Sim,2017-01-16,3.0,4.0,247.0
Sim,2017-01-16,3.0,5.0,300.0
Sim,2017-01-16,3.0,6.0,91.0
Sim,2017-01-16,3.0,7.0,690.0
Sim,2017-01-16,3.0,8.0,870.0
Sim,2017-01-16,3.0,9.0,891.0
Sim,2017-01-16,3.0,10.0,520.0
Sim,2017-01-16,3.0,11.0,1820.0
Sim,2017-01-16,3.0,12.0,442.0
Sim,2017-01-16,3.0,13.0,65.0
Sim,2017-01-16,3.0,14.0,135.0
Sim,2017-01-16,3.0,15.0,980.0
Sim,2017-01-16,3.0,16.0,370.0
Sim,2017-01-16,3.0,17.0,120.0
Sim,2017-01-16,3.0,18.0,189.0
Sim,2017-01-16,3.0,19.0,20208.0
Sim,2017-01-16,3.0,20.0,1638.0
s_Q,2017-01-16,3.0,1.0,0.0
s_Q,2017-01-16,3.0,2.0,0.0
s_Q,2017-01-16,3.0,3.0,0.0
s_Q,2017-01-16,3.0,4.0,0.0
s_Q,2017-01-16,3.0,5.0,0.0
s_Q,2017-01-16,3.0,6.0,0.0
s_Q,2017-01-16,3.0,7.0,0.0
s_Q,2017-01-16,3.0,8.0,0.0
s_Q,2017-01-16,3.0,9.0,0.0
s_Q,2017-01-16,3.0,10.0,0.0
s_Q,2017-01-16,3.0,11.0,33900.0
s_Q,2017-01-16,3.0,12.0,2475.0
s_Q,2017-01-16,3.0,13.0,1153.0
s_Q,2017-01-16,3.0,14.0,798.0
s_Q,2017-01-16,3.0,15.0,2715.0
s_Q,2017-01-16,3.0,16.0,10624.0
s_Q,2017-01-16,3.0,17.0,1312.0
s_Q,2017-01-16,3.0,18.0,10485.0
s_Q,2017-01-16,3.0,19.0,88335.0
s_Q,2017-01-16,3.0,20.0,39120.0
s_Q_perishable,2017-01-16,3.0,1.0,12210.0
s_Q_perishable,2017-01-16,3.0,2.0,1305.0
s_Q_perishable,2017-01-16,3.0,3.0,57075.0
s_Q_perishable,2017-01-16,3.0,4.0,2940.0
s_Q_perishable,2017-01-16,3.0,5.0,1410.0
s_Q_perishable,2017-01-16,3.0,6.0,1965.0
s_Q_perishable,2017-01-16,3.0,7.0,9855.0
s_Q_perishable,2017-01-16,3.0,8.0,42075.0
s_Q_perishable,2017-01-16,3.0,9.0,4770.0
s_Q_perishable,2017-01-16,3.0,10.0,2805.0
s_Q_perishable,2017-01-16,3.0,11.0,0.0
s_Q_perishable,2017-01-16,3.0,12.0,0.0
s_Q_perishable,2017-01-16,3.0,13.0,0.0
s_Q_perishable,2017-01-16,3.0,14.0,0.0
s_Q_perishable,2017-01-16,3.0,15.0,0.0
s_Q_perishable,2017-01-16,3.0,16.0,0.0
s_Q_perishable,2017-01-16,3.0,17.0,0.0
s_Q_perishable,2017-01-16,3.0,18.0,0.0
s_Q_perishable,2017-01-16,3.0,19.0,0.0
s_Q_perishable,2017-01-16,3.0,20.0,0.0
Sim,2017-01-16,4.0,1.0,154.0
Sim,2017-01-16,4.0,2.0,16.0
Sim,2017-01-16,4.0,3.0,84.0
Sim,2017-01-16,4.0,4.0,119.0
Sim,2017-01-16,4.0,5.0,1316.0
Sim,2017-01-16,4.0,6.0,6864.0
Sim,2017-01-16,4.0,7.0,168.0
Sim,2017-01-16,4.0,8.0,91.0
Sim,2017-01-16,4.0,9.0,2927.0
Sim,2017-01-16,4.0,10.0,627.0
Sim,2017-01-16,4.0,11.0,1944.0
Sim,2017-01-16,4.0,12.0,220.0
Sim,2017-01-16,4.0,13.0,884.0
Sim,2017-01-16,4.0,14.0,1632.0
Sim,2017-01-16,4.0,15.0,491.0
Sim,2017-01-16,4.0,16.0,13446.0
Sim,2017-01-16,4.0,17.0,34.0
Sim,2017-01-16,4.0,18.0,24.0
Sim,2017-01-16,4.0,19.0,380.0
Sim,2017-01-16,4.0,20.0,275.0
s_Q,2017-01-16,4.0,1.0,0.0
s_Q,2017-01-16,4.0,2.0,0.0
s_Q,2017-01-16,4.0,3.0,0.0
s_Q,2017-01-16,4.0,4.0,0.0
s_Q,2017-01-16,4.0,5.0,0.0
s_Q,2017-01-16,4.0,6.0,0.0
s_Q,2017-01-16,4.0,7.0,0.0
s_Q,2017-01-16,4.0,8.0,0.0
s_Q,2017-01-16,4.0,9.0,0.0
s_Q,2017-01-16,4.0,10.0,0.0
s_Q,2017-01-16,4.0,11.0,7590.0
s_Q,2017-01-16,4.0,12.0,2385.0
s_Q,2017-01-16,4.0,13.0,2370.0
s_Q,2017-01-16,4.0,14.0,31365.0
s_Q,2017-01-16,4.0,15.0,897.0
s_Q,2017-01-16,4.0,16.0,30240.0
s_Q,2017-01-16,4.0,17.0,2369.0
s_Q,2017-01-16,4.0,18.0,1185.0
s_Q,2017-01-16,4.0,19.0,3974.0
s_Q,2017-01-16,4.0,20.0,5100.0
s_Q_perishable,2017-01-16,4.0,1.0,5970.0
s_Q_perishable,2017-01-16,4.0,2.0,1485.0
s_Q_perishable,2017-01-16,4.0,3.0,997.0
s_Q_perishable,2017-01-16,4.0,4.0,1230.0
s_Q_perishable,2017-01-16,4.0,5.0,69990.0
s_Q_perishable,2017-01-16,4.0,6.0,0.0
s_Q_perishable,2017-01-16,4.0,7.0,3120.0
s_Q_perishable,2017-01-16,4.0,8.0,992.0
s_Q_perishable,2017-01-16,4.0,9.0,32670.0
s_Q_perishable,2017-01-16,4.0,10.0,10710.0
s_Q_perishable,2017-01-16,4.0,11.0,0.0
s_Q_perishable,2017-01-16,4.0,12.0,0.0
s_Q_perishable,2017-01-16,4.0,13.0,0.0
s_Q_perishable,2017-01-16,4.0,14.0,0.0
s_Q_perishable,2017-01-16,4.0,15.0,0.0
s_Q_perishable,2017-01-16,4.0,16.0,0.0
s_Q_perishable,2017-01-16,4.0,17.0,0.0
s_Q_perishable,2017-01-16,4.0,18.0,0.0
s_Q_perishable,2017-01-16,4.0,19.0,0.0
s_Q_perishable,2017-01-16,4.0,20.0,0.0
Sim,2017-01-16,5.0,1.0,1092.0
Sim,2017-01-16,5.0,2.0,180.0
Sim,2017-01-16,5.0,3.0,32.0
Sim,2017-01-16,5.0,4.0,1624.0
Sim,2017-01-16,5.0,5.0,684.0
Sim,2017-01-16,5.0,6.0,315.0
Sim,2017-01-16,5.0,7.0,168.0
Sim,2017-01-16,5.0,8.0,108.0
Sim,2017-01-16,5.0,9.0,135.0
Sim,2017-01-16,5.0,10.0,98.0
Sim,2017-01-16,5.0,11.0,3784.0
Sim,2017-01-16,5.0,12.0,400.0
Sim,2017-01-16,5.0,13.0,36.0
Sim,2017-01-16,5.0,14.0,178.0
Sim,2017-01-16,5.0,15.0,102.0
Sim,2017-01-16,5.0,16.0,1476.0
Sim,2017-01-16,5.0,17.0,0.0
Sim,2017-01-16,5.0,18.0,117.0
Sim,2017-01-16,5.0,19.0,113.0
Sim,2017-01-16,5.0,20.0,1290.0
s_Q,2017-01-16,5.0,1.0,0.0
s_Q,2017-01-16,5.0,2.0,0.0
s_Q,2017-01-16,5.0,3.0,0.0
s_Q,2017-01-16,5.0,4.0,0.0
s_Q,2017-01-16,5.0,5.0,0.0
s_Q,2017-01-16,5.0,6.0,0.0
s_Q,2017-01-16,5.0,7.0,0.0
s_Q,2017-01-16,5.0,8.0,0.0
s_Q,2017-01-16,5.0,9.0,0.0
s_Q,2017-01-16,5.0,10.0,0.0
s_Q,2017-01-16,5.0,11.0,28488.0
s_Q,2017-01-16,5.0,12.0,2955.0
s_Q,2017-01-16,5.0,13.0,1120.0
s_Q,2017-01-16,5.0,14.0,10473.0
s_Q,2017-01-16,5.0,15.0,504.0
s_Q,2017-01-16,5.0,16.0,13068.0
s_Q,2017-01-16,5.0,17.0,4971.0
s_Q,2017-01-16,5.0,18.0,2130.0
s_Q,2017-01-16,5.0,19.0,3416.0
s_Q,2017-01-16,5.0,20.0,9885.0
s_Q_perishable,2017-01-16,5.0,1.0,3182.0
s_Q_perishable,2017-01-16,5.0,2.0,5745.0
s_Q_perishable,2017-01-16,5.0,3.0,475.0
s_Q_perishable,2017-01-16,5.0,4.0,11160.0
s_Q_perishable,2017-01-16,5.0,5.0,9225.0
s_Q_perishable,2017-01-16,5.0,6.0,3945.0
s_Q_perishable,2017-01-16,5.0,7.0,1050.0
s_Q_perishable,2017-01-16,5.0,8.0,2925.0
s_Q_perishable,2017-01-16,5.0,9.0,1213.0
s_Q_perishable,2017-01-16,5.0,10.0,982.0
s_Q_perishable,2017-01-16,5.0,11.0,0.0
s_Q_perishable,2017-01-16,5.0,12.0,0.0
s_Q_perishable,2017-01-16,5.0,13.0,0.0
s_Q_perishable,2017-01-16,5.0,14.0,0.0
s_Q_perishable,2017-01-16,5.0,15.0,0.0
s_Q_perishable,2017-01-16,5.0,16.0,0.0
s_Q_perishable,2017-01-16,5.0,17.0,0.0
s_Q_perishable,2017-01-16,5.0,18.0,0.0
s_Q_perishable,2017-01-16,5.0,19.0,0.0
s_Q_perishable,2017-01-16,5.0,20.0,0.0
Sim,2017-01-16,6.0,1.0,563.0
Sim,2017-01-16,6.0,2.0,70.0
Sim,2017-01-16,6.0,3.0,30.0
Sim,2017-01-16,6.0,4.0,33680.0
Sim,2017-01-16,6.0,5.0,198.0
Sim,2017-01-16,6.0,6.0,7980.0
Sim,2017-01-16,6.0,7.0,2409.0
Sim,2017-01-16,6.0,8.0,13010.0
Sim,2017-01-16,6.0,9.0,1024.0
Sim,2017-01-16,6.0,10.0,168.0
Sim,2017-01-16,6.0,11.0,1185.0
Sim,2017-01-16,6.0,12.0,1362.0
Sim,2017-01-16,6.0,13.0,12.0
Sim,2017-01-16,6.0,14.0,1.0
Sim,2017-01-16,6.0,15.0,80.0
Sim,2017-01-16,6.0,16.0,96.0
Sim,2017-01-16,6.0,17.0,320.0
Sim,2017-01-16,6.0,18.0,8.0
Sim,2017-01-16,6.0,19.0,1254.0
Sim,2017-01-16,6.0,20.0,600.0
s_Q,2017-01-16,6.0,1.0,0.0
s_Q,2017-01-16,6.0,2.0,0.0
s_Q,2017-01-16,6.0,3.0,0.0
s_Q,2017-01-16,6.0,4.0,0.0
s_Q,2017-01-16,6.0,5.0,0.0
s_Q,2017-01-16,6.0,6.0,0.0
s_Q,2017-01-16,6.0,7.0,0.0
s_Q,2017-01-16,6.0,8.0,0.0
s_Q,2017-01-16,6.0,9.0,0.0
s_Q,2017-01-16,6.0,10.0,0.0
s_Q,2017-01-16,6.0,11.0,4847.0
s_Q,2017-01-16,6.0,12.0,23865.0
s_Q,2017-01-16,6.0,13.0,378.0
s_Q,2017-01-16,6.0,14.0,1974.0
s_Q,2017-01-16,6.0,15.0,879.0
s_Q,2017-01-16,6.0,16.0,642.0
s_Q,2017-01-16,6.0,17.0,6615.0
s_Q,2017-01-16,6.0,18.0,1125.0
s_Q,2017-01-16,6.0,19.0,8058.0
s_Q,2017-01-16,6.0,20.0,5794.0
s_Q_perishable,2017-01-16,6.0,1.0,8821.0
s_Q_perishable,2017-01-16,6.0,2.0,825.0
s_Q_perishable,2017-01-16,6.0,3.0,1710.0
s_Q_perishable,2017-01-16,6.0,4.0,513285.0
s_Q_perishable,2017-01-16,6.0,5.0,3180.0
s_Q_perishable,2017-01-16,6.0,6.0,75515.0
s_Q_perishable,2017-01-16,6.0,7.0,17226.0
s_Q_perishable,2017-01-16,6.0,8.0,46352.0
s_Q_perishable,2017-01-16,6.0,9.0,4980.0
s_Q_perishable,2017-01-16,6.0,10.0,5040.0
s_Q_perishable,2017-01-16,6.0,11.0,0.0
s_Q_perishable,2017-01-16,6.0,12.0,0.0
s_Q_perishable,2017-01-16,6.0,13.0,0.0
s_Q_perishable,2017-01-16,6.0,14.0,0.0
s_Q_perishable,2017-01-16,6.0,15.0,0.0
s_Q_perishable,2017-01-16,6.0,16.0,0.0
s_Q_perishable,2017-01-16,6.0,17.0,0.0
s_Q_perishable,2017-01-16,6.0,18.0,0.0
s_Q_perishable,2017-01-16,6.0,19.0,0.0
s_Q_perishable,2017-01-16,6.0,20.0,0.0
Sim,2017-01-17,1.0,1.0,1629.0
Sim,2017-01-17,1.0,2.0,105.0
Sim,2017-01-17,1.0,3.0,57.0
Sim,2017-01-17,1.0,4.0,10740.0
Sim,2017-01-17,1.0,5.0,224.0
Sim,2017-01-17,1.0,6.0,190.0
Sim,2017-01-17,1.0,7.0,11186.0
Sim,2017-01-17,1.0,8.0,2079.0
Sim,2017-01-17,1.0,9.0,950.0
Sim,2017-01-17,1.0,10.0,1045.0
Sim,2017-01-17,1.0,11.0,291.0
Sim,2017-01-17,1.0,12.0,366.0
Sim,2017-01-17,1.0,13.0,51.0
Sim,2017-01-17,1.0,14.0,0.0
Sim,2017-01-17,1.0,15.0,445.0
Sim,2017-01-17,1.0,16.0,30.0
Sim,2017-01-17,1.0,17.0,0.0
Sim,2017-01-17,1.0,18.0,112.0
Sim,2017-01-17,1.0,19.0,11494.0
Sim,2017-01-17,1.0,20.0,990.0
s_Q,2017-01-17,1.0,1.0,0.0
s_Q,2017-01-17,1.0,2.0,0.0
s_Q,2017-01-17,1.0,3.0,0.0
s_Q,2017-01-17,1.0,4.0,0.0
s_Q,2017-01-17,1.0,5.0,0.0
s_Q,2017-01-17,1.0,6.0,0.0
s_Q,2017-01-17,1.0,7.0,0.0
s_Q,2017-01-17,1.0,8.0,0.0
s_Q,2017-01-17,1.0,9.0,0.0
s_Q,2017-01-17,1.0,10.0,0.0
s_Q,2017-01-17,1.0,11.0,2331.0
s_Q,2017-01-17,1.0,12.0,17072.0
s_Q,2017-01-17,1.0,13.0,2352.0
s_Q,2017-01-17,1.0,14.0,8380.0
s_Q,2017-01-17,1.0,15.0,4204.0
s_Q,2017-01-17,1.0,16.0,49786.0
s_Q,2017-01-17,1.0,17.0,894.0
s_Q,2017-01-17,1.0,18.0,2704.0
s_Q,2017-01-17,1.0,19.0,12644.0
s_Q,2017-01-17,1.0,20.0,16789.0
s_Q_perishable,2017-01-17,1.0,1.0,4556.0
s_Q_perishable,2017-01-17,1.0,2.0,2448.0
s_Q_perishable,2017-01-17,1.0,3.0,1877.0
s_Q_perishable,2017-01-17,1.0,4.0,65460.0
s_Q_perishable,2017-01-17,1.0,5.0,2389.0
s_Q_perishable,2017-01-17,1.0,6.0,2198.0
s_Q_perishable,2017-01-17,1.0,7.0,185276.0
s_Q_perishable,2017-01-17,1.0,8.0,38240.0
s_Q_perishable,2017-01-17,1.0,9.0,4480.0
s_Q_perishable,2017-01-17,1.0,10.0,25266.0
s_Q_perishable,2017-01-17,1.0,11.0,0.0
s_Q_perishable,2017-01-17,1.0,12.0,0.0
s_Q_perishable,2017-01-17,1.0,13.0,0.0
s_Q_perishable,2017-01-17,1.0,14.0,0.0
s_Q_perishable,2017-01-17,1.0,15.0,0.0
s_Q_perishable,2017-01-17,1.0,16.0,0.0
s_Q_perishable,2017-01-17,1.0,17.0,0.0
s_Q_perishable,2017-01-17,1.0,18.0,0.0
s_Q_perishable,2017-01-17,1.0,19.0,0.0
s_Q_perishable,2017-01-17,1.0,20.0,0.0
Sim,2017-01-17,2.0,1.0,208.0
Sim,2017-01-17,2.0,2.0,1031.0
Sim,2017-01-17,2.0,3.0,6684.0
Sim,2017-01-17,2.0,4.0,21440.0
Sim,2017-01-17,2.0,5.0,396.0
Sim,2017-01-17,2.0,6.0,80.0
Sim,2017-01-17,2.0,7.0,68.0
Sim,2017-01-17,2.0,8.0,156.0
Sim,2017-01-17,2.0,9.0,133.0
Sim,2017-01-17,2.0,10.0,208.0
Sim,2017-01-17,2.0,11.0,988.0
Sim,2017-01-17,2.0,12.0,8910.0
Sim,2017-01-17,2.0,13.0,480.0
Sim,2017-01-17,2.0,14.0,33495.0
Sim,2017-01-17,2.0,15.0,546.0
Sim,2017-01-17,2.0,16.0,339.0
Sim,2017-01-17,2.0,17.0,3934.0
Sim,2017-01-17,2.0,18.0,184.0
Sim,2017-01-17,2.0,19.0,39.0
Sim,2017-01-17,2.0,20.0,470.0
s_Q,2017-01-17,2.0,1.0,0.0
s_Q,2017-01-17,2.0,2.0,0.0
s_Q,2017-01-17,2.0,3.0,0.0
s_Q,2017-01-17,2.0,4.0,0.0
s_Q,2017-01-17,2.0,5.0,0.0
s_Q,2017-01-17,2.0,6.0,0.0
s_Q,2017-01-17,2.0,7.0,0.0
s_Q,2017-01-17,2.0,8.0,0.0
s_Q,2017-01-17,2.0,9.0,0.0
s_Q,2017-01-17,2.0,10.0,0.0
s_Q,2017-01-17,2.0,11.0,5873.0
s_Q,2017-01-17,2.0,12.0,107472.0
s_Q,2017-01-17,2.0,13.0,3684.0
s_Q,2017-01-17,2.0,14.0,307723.0
s_Q,2017-01-17,2.0,15.0,8416.0
s_Q,2017-01-17,2.0,16.0,23827.0
s_Q,2017-01-17,2.0,17.0,18688.0
s_Q,2017-01-17,2.0,18.0,908.0
s_Q,2017-01-17,2.0,19.0,1089.0
s_Q,2017-01-17,2.0,20.0,7701.0
s_Q_perishable,2017-01-17,2.0,1.0,5385.0
s_Q_perishable,2017-01-17,2.0,2.0,24016.0
s_Q_perishable,2017-01-17,2.0,3.0,23717.0
s_Q_perishable,2017-01-17,2.0,4.0,99876.0
s_Q_perishable,2017-01-17,2.0,5.0,1994.0
s_Q_perishable,2017-01-17,2.0,6.0,1827.0
s_Q_perishable,2017-01-17,2.0,7.0,699.0
s_Q_perishable,2017-01-17,2.0,8.0,5280.0
s_Q_perishable,2017-01-17,2.0,9.0,2632.0
s_Q_perishable,2017-01-17,2.0,10.0,2849.0
s_Q_perishable,2017-01-17,2.0,11.0,0.0
s_Q_perishable,2017-01-17,2.0,12.0,0.0
s_Q_perishable,2017-01-17,2.0,13.0,0.0
s_Q_perishable,2017-01-17,2.0,14.0,0.0
s_Q_perishable,2017-01-17,2.0,15.0,0.0
s_Q_perishable,2017-01-17,2.0,16.0,0.0
s_Q_perishable,2017-01-17,2.0,17.0,0.0
s_Q_perishable,2017-01-17,2.0,18.0,0.0
s_Q_perishable,2017-01-17,2.0,19.0,0.0
s_Q_perishable,2017-01-17,2.0,20.0,0.0
Sim,2017-01-17,3.0,1.0,1332.0
Sim,2017-01-17,3.0,2.0,55.0
Sim,2017-01-17,3.0,3.0,5670.0
Sim,2017-01-17,3.0,4.0,323.0
Sim,2017-01-17,3.0,5.0,330.0
Sim,2017-01-17,3.0,6.0,147.0
Sim,2017-01-17,3.0,7.0,690.0
Sim,2017-01-17,3.0,8.0,870.0
Sim,2017-01-17,3.0,9.0,948.0
Sim,2017-01-17,3.0,10.0,540.0
Sim,2017-01-17,3.0,11.0,1820.0
Sim,2017-01-17,3.0,12.0,468.0
Sim,2017-01-17,3.0,13.0,65.0
Sim,2017-01-17,3.0,14.0,135.0
Sim,2017-01-17,3.0,15.0,1050.0
Sim,2017-01-17,3.0,16.0,172.0
Sim,2017-01-17,3.0,17.0,120.0
Sim,2017-01-17,3.0,18.0,189.0
Sim,2017-01-17,3.0,19.0,23088.0
Sim,2017-01-17,3.0,20.0,1638.0
s_Q,2017-01-17,3.0,1.0,0.0
s_Q,2017-01-17,3.0,2.0,0.0
s_Q,2017-01-17,3.0,3.0,0.0
s_Q,2017-01-17,3.0,4.0,0.0
s_Q,2017-01-17,3.0,5.0,0.0
s_Q,2017-01-17,3.0,6.0,0.0
s_Q,2017-01-17,3.0,7.0,0.0
s_Q,2017-01-17,3.0,8.0,0.0
s_Q,2017-01-17,3.0,9.0,0.0
s_Q,2017-01-17,3.0,10.0,0.0
s_Q,2017-01-17,3.0,11.0,33900.0
s_Q,2017-01-17,3.0,12.0,2475.0
s_Q,2017-01-17,3.0,13.0,1153.0
s_Q,2017-01-17,3.0,14.0,798.0
s_Q,2017-01-17,3.0,15.0,2715.0
s_Q,2017-01-17,3.0,16.0,10426.0
s_Q,2017-01-17,3.0,17.0,1312.0
s_Q,2017-01-17,3.0,18.0,10485.0
s_Q,2017-01-17,3.0,19.0,88335.0
s_Q,2017-01-17,3.0,20.0,39120.0
s_Q_perishable,2017-01-17,3.0,1.0,12210.0
s_Q_perishable,2017-01-17,3.0,2.0,1305.0
s_Q_perishable,2017-01-17,3.0,3.0,57075.0
s_Q_perishable,2017-01-17,3.0,4.0,2940.0
s_Q_perishable,2017-01-17,3.0,5.0,1410.0
s_Q_perishable,2017-01-17,3.0,6.0,1965.0
s_Q_perishable,2017-01-17,3.0,7.0,9855.0
s_Q_perishable,2017-01-17,3.0,8.0,42075.0
s_Q_perishable,2017-01-17,3.0,9.0,4770.0
s_Q_perishable,2017-01-17,3.0,10.0,2805.0
s_Q_perishable,2017-01-17,3.0,11.0,0.0
s_Q_perishable,2017-01-17,3.0,12.0,0.0
s_Q_perishable,2017-01-17,3.0,13.0,0.0
s_Q_perishable,2017-01-17,3.0,14.0,0.0
s_Q_perishable,2017-01-17,3.0,15.0,0.0
s_Q_perishable,2017-01-17,3.0,16.0,0.0
s_Q_perishable,2017-01-17,3.0,17.0,0.0
s_Q_perishable,2017-01-17,3.0,18.0,0.0
s_Q_perishable,2017-01-17,3.0,19.0,0.0
s_Q_perishable,2017-01-17,3.0,20.0,0.0
Sim,2017-01-17,4.0,1.0,154.0
Sim,2017-01-17,4.0,2.0,16.0
Sim,2017-01-17,4.0,3.0,84.0
Sim,2017-01-17,4.0,4.0,119.0
Sim,2017-01-17,4.0,5.0,1316.0
Sim,2017-01-17,4.0,6.0,6864.0
Sim,2017-01-17,4.0,7.0,168.0
Sim,2017-01-17,4.0,8.0,91.0
Sim,2017-01-17,4.0,9.0,3904.0
Sim,2017-01-17,4.0,10.0,627.0
Sim,2017-01-17,4.0,11.0,2136.0
Sim,2017-01-17,4.0,12.0,220.0
Sim,2017-01-17,4.0,13.0,972.0
Sim,2017-01-17,4.0,14.0,2460.0
Sim,2017-01-17,4.0,15.0,535.0
Sim,2017-01-17,4.0,16.0,14454.0
Sim,2017-01-17,4.0,17.0,3.0
Sim,2017-01-17,4.0,18.0,48.0
Sim,2017-01-17,4.0,19.0,305.0
Sim,2017-01-17,4.0,20.0,275.0
s_Q,2017-01-17,4.0,1.0,0.0
s_Q,2017-01-17,4.0,2.0,0.0
s_Q,2017-01-17,4.0,3.0,0.0
s_Q,2017-01-17,4.0,4.0,0.0
s_Q,2017-01-17,4.0,5.0,0.0
s_Q,2017-01-17,4.0,6.0,0.0
s_Q,2017-01-17,4.0,7.0,0.0
s_Q,2017-01-17,4.0,8.0,0.0
s_Q,2017-01-17,4.0,9.0,0.0
s_Q,2017-01-17,4.0,10.0,0.0
s_Q,2017-01-17,4.0,11.0,7590.0
s_Q,2017-01-17,4.0,12.0,2385.0
s_Q,2017-01-17,4.0,13.0,2370.0
s_Q,2017-01-17,4.0,14.0,31365.0
s_Q,2017-01-17,4.0,15.0,897.0
s_Q,2017-01-17,4.0,16.0,30240.0
s_Q,2017-01-17,4.0,17.0,2338.0
s_Q,2017-01-17,4.0,18.0,1185.0
s_Q,2017-01-17,4.0,19.0,3899.0
s_Q,2017-01-17,4.0,20.0,5100.0
s_Q_perishable,2017-01-17,4.0,1.0,5970.0
s_Q_perishable,2017-01-17,4.0,2.0,1485.0
s_Q_perishable,2017-01-17,4.0,3.0,997.0
s_Q_perishable,2017-01-17,4.0,4.0,1230.0
s_Q_perishable,2017-01-17,4.0,5.0,69990.0
s_Q_perishable,2017-01-17,4.0,6.0,0.0
s_Q_perishable,2017-01-17,4.0,7.0,3120.0
s_Q_perishable,2017-01-17,4.0,8.0,992.0
s_Q_perishable,2017-01-17,4.0,9.0,32670.0
s_Q_perishable,2017-01-17,4.0,10.0,10710.0
s_Q_perishable,2017-01-17,4.0,11.0,0.0
s_Q_perishable,2017-01-17,4.0,12.0,0.0
s_Q_perishable,2017-01-17,4.0,13.0,0.0
s_Q_perishable,2017-01-17,4.0,14.0,0.0
s_Q_perishable,2017-01-17,4.0,15.0,0.0
s_Q_perishable,2017-01-17,4.0,16.0,0.0
s_Q_perishable,2017-01-17,4.0,17.0,0.0
s_Q_perishable,2017-01-17,4.0,18.0,0.0
s_Q_perishable,2017-01-17,4.0,19.0,0.0
s_Q_perishable,2017-01-17,4.0,20.0,0.0
Sim,2017-01-17,5.0,1.0,1092.0
Sim,2017-01-17,5.0,2.0,180.0
Sim,2017-01-17,5.0,3.0,32.0
Sim,2017-01-17,5.0,4.0,1624.0
Sim,2017-01-17,5.0,5.0,684.0
Sim,2017-01-17,5.0,6.0,315.0
Sim,2017-01-17,5.0,7.0,168.0
Sim,2017-01-17,5.0,8.0,108.0
Sim,2017-01-17,5.0,9.0,135.0
Sim,2017-01-17,5.0,10.0,98.0
Sim,2017-01-17,5.0,11.0,3784.0
Sim,2017-01-17,5.0,12.0,400.0
Sim,2017-01-17,5.0,13.0,36.0
Sim,2017-01-17,5.0,14.0,0.0
Sim,2017-01-17,5.0,15.0,136.0
Sim,2017-01-17,5.0,16.0,1289.0
Sim,2017-01-17,5.0,17.0,0.0
Sim,2017-01-17,5.0,18.0,117.0
Sim,2017-01-17,5.0,19.0,51.0
Sim,2017-01-17,5.0,20.0,1590.0
s_Q,2017-01-17,5.0,1.0,0.0
s_Q,2017-01-17,5.0,2.0,0.0
s_Q,2017-01-17,5.0,3.0,0.0
s_Q,2017-01-17,5.0,4.0,0.0
s_Q,2017-01-17,5.0,5.0,0.0
s_Q,2017-01-17,5.0,6.0,0.0
s_Q,2017-01-17,5.0,7.0,0.0
s_Q,2017-01-17,5.0,8.0,0.0
s_Q,2017-01-17,5.0,9.0,0.0
s_Q,2017-01-17,5.0,10.0,0.0
s_Q,2017-01-17,5.0,11.0,28488.0
s_Q,2017-01-17,5.0,12.0,2955.0
s_Q,2017-01-17,5.0,13.0,1120.0
s_Q,2017-01-17,5.0,14.0,10272.0
s_Q,2017-01-17,5.0,15.0,504.0
s_Q,2017-01-17,5.0,16.0,12881.0
s_Q,2017-01-17,5.0,17.0,4878.0
s_Q,2017-01-17,5.0,18.0,2130.0
s_Q,2017-01-17,5.0,19.0,3354.0
s_Q,2017-01-17,5.0,20.0,9885.0
s_Q_perishable,2017-01-17,5.0,1.0,3182.0
s_Q_perishable,2017-01-17,5.0,2.0,5745.0
s_Q_perishable,2017-01-17,5.0,3.0,475.0
s_Q_perishable,2017-01-17,5.0,4.0,11160.0
s_Q_perishable,2017-01-17,5.0,5.0,9225.0
s_Q_perishable,2017-01-17,5.0,6.0,3945.0
s_Q_perishable,2017-01-17,5.0,7.0,1050.0
s_Q_perishable,2017-01-17,5.0,8.0,2925.0
s_Q_perishable,2017-01-17,5.0,9.0,1213.0
s_Q_perishable,2017-01-17,5.0,10.0,982.0
s_Q_perishable,2017-01-17,5.0,11.0,0.0
s_Q_perishable,2017-01-17,5.0,12.0,0.0
s_Q_perishable,2017-01-17,5.0,13.0,0.0
s_Q_perishable,2017-01-17,5.0,14.0,0.0
s_Q_perishable,2017-01-17,5.0,15.0,0.0
s_Q_perishable,2017-01-17,5.0,16.0,0.0
s_Q_perishable,2017-01-17,5.0,17.0,0.0
s_Q_perishable,2017-01-17,5.0,18.0,0.0
s_Q_perishable,2017-01-17,5.0,19.0,0.0
s_Q_perishable,2017-01-17,5.0,20.0,0.0
Sim,2017-01-17,6.0,1.0,563.0
Sim,2017-01-17,6.0,2.0,95.0
Sim,2017-01-17,6.0,3.0,45.0
Sim,2017-01-17,6.0,4.0,33680.0
Sim,2017-01-17,6.0,5.0,198.0
Sim,2017-01-17,6.0,6.0,7980.0
Sim,2017-01-17,6.0,7.0,2409.0
Sim,2017-01-17,6.0,8.0,13010.0
Sim,2017-01-17,6.0,9.0,1152.0
Sim,2017-01-17,6.0,10.0,168.0
Sim,2017-01-17,6.0,11.0,1185.0
Sim,2017-01-17,6.0,12.0,1362.0
Sim,2017-01-17,6.0,13.0,18.0
Sim,2017-01-17,6.0,14.0,0.0
Sim,2017-01-17,6.0,15.0,80.0
Sim,2017-01-17,6.0,16.0,96.0
Sim,2017-01-17,6.0,17.0,600.0
Sim,2017-01-17,6.0,18.0,8.0
Sim,2017-01-17,6.0,19.0,1254.0
Sim,2017-01-17,6.0,20.0,600.0
s_Q,2017-01-17,6.0,1.0,0.0
s_Q,2017-01-17,6.0,2.0,0.0
s_Q,2017-01-17,6.0,3.0,0.0
s_Q,2017-01-17,6.0,4.0,0.0
s_Q,2017-01-17,6.0,5.0,0.0
s_Q,2017-01-17,6.0,6.0,0.0
s_Q,2017-01-17,6.0,7.0,0.0
s_Q,2017-01-17,6.0,8.0,0.0
s_Q,2017-01-17,6.0,9.0,0.0
s_Q,2017-01-17,6.0,10.0,0.0
s_Q,2017-01-17,6.0,11.0,4847.0
s_Q,2017-01-17,6.0,12.0,23865.0
s_Q,2017-01-17,6.0,13.0,367.0
s_Q,2017-01-17,6.0,14.0,1936.0
s_Q,2017-01-17,6.0,15.0,879.0
s_Q,2017-01-17,6.0,16.0,642.0
s_Q,2017-01-17,6.0,17.0,6615.0
s_Q,2017-01-17,6.0,18.0,1125.0
s_Q,2017-01-17,6.0,19.0,8058.0
s_Q,2017-01-17,6.0,20.0,5794.0
s_Q_perishable,2017-01-17,6.0,1.0,8821.0
s_Q_perishable,2017-01-17,6.0,2.0,825.0
s_Q_perishable,2017-01-17,6.0,3.0,1710.0
s_Q_perishable,2017-01-17,6.0,4.0,513285.0
s_Q_perishable,2017-01-17,6.0,5.0,3180.0
s_Q_perishable,2017-01-17,6.0,6.0,75515.0
s_Q_perishable,2017-01-17,6.0,7.0,17226.0
s_Q_perishable,2017-01-17,6.0,8.0,46352.0
s_Q_perishable,2017-01-17,6.0,9.0,4980.0
s_Q_perishable,2017-01-17,6.0,10.0,5040.0
s_Q_perishable,2017-01-17,6.0,11.0,0.0
s_Q_perishable,2017-01-17,6.0,12.0,0.0
s_Q_perishable,2017-01-17,6.0,13.0,0.0
s_Q_perishable,2017-01-17,6.0,14.0,0.0
s_Q_perishable,2017-01-17,6.0,15.0,0.0
s_Q_perishable,2017-01-17,6.0,16.0,0.0
s_Q_perishable,2017-01-17,6.0,17.0,0.0
s_Q_perishable,2017-01-17,6.0,18.0,0.0
s_Q_perishable,2017-01-17,6.0,19.0,0.0
s_Q_perishable,2017-01-17,6.0,20.0,0.0
